[
  {
    "deviceId": "DEVICE_001",
    "deviceType": "residential_large",
    "location": {
      "city": "Jamalpur Rural",
      "country": "Bangladesh",
      "lat": 24.9375,
      "lng": 89.937,
      "type": "rural"
    },
    "baseConsumption": 8.200208046321572,
    "solarCapacity": 6.375068614650439,
    "efficiency": 0.9230543909970594,
    "hasSmartMeter": false,
    "hasSolar": true
  },
  {
    "deviceId": "DEVICE_002",
    "deviceType": "rural_commercial",
    "location": {
      "city": "Barisal",
      "country": "Bangladesh",
      "lat": 22.701,
      "lng": 90.3535,
      "type": "urban"
    },
    "baseConsumption": 4.873337458202016,
    "solarCapacity": 3.857163110470424,
    "efficiency": 0.8600212330053627,
    "hasSmartMeter": true,
    "hasSolar": true
  },
  {
    "deviceId": "DEVICE_003",
    "deviceType": "residential_small",
    "location": {
      "city": "Comilla Rural",
      "country": "Bangladesh",
      "lat": 23.4607,
      "lng": 91.1809,
      "type": "rural"
    },
    "baseConsumption": 2.1209463191796516,
    "solarCapacity": 0.0,
    "efficiency": 0.9096445537394224,
    "hasSmartMeter": true,
    "hasSolar": false
  },
  {
    "deviceId": "DEVICE_004",
    "deviceType": "commercial_small",
    "location": {
      "city": "Habiganj Rural",
      "country": "Bangladesh",
      "lat": 24.3745,
      "lng": 91.4156,
      "type": "rural"
    },
    "baseConsumption": 16.7911772839123,
    "solarCapacity": 12.61536691352733,
    "efficiency": 0.9920455064221996,
    "hasSmartMeter": true,
    "hasSolar": true
  },
  {
    "deviceId": "DEVICE_005",
    "deviceType": "rural_agricultural",
    "location": {
      "city": "Tangail Rural",
      "country": "Bangladesh",
      "lat": 24.2513,
      "lng": 89.9167,
      "type": "rural"
    },
    "baseConsumption": 7.897057771662547,
    "solarCapacity": 5.194917355158775,
    "efficiency": 0.802678038412868,
    "hasSmartMeter": true,
    "hasSolar": true
  },
  {
    "deviceId": "DEVICE_006",
    "deviceType": "residential_small",
    "location": {
      "city": "Rajshahi",
      "country": "Bangladesh",
      "lat": 24.3636,
      "lng": 88.6241,
      "type": "urban"
    },
    "baseConsumption": 2.7718434883512892,
    "solarCapacity": 0.0,
    "efficiency": 0.9732557060631147,
    "hasSmartMeter": false,
    "hasSolar": false
  },
  {
    "deviceId": "DEVICE_007",
    "deviceType": "rural_residential",
    "location": {
      "city": "Jessore Rural",
      "country": "Bangladesh",
      "lat": 23.1667,
      "lng": 89.2167,
      "type": "rural"
    },
    "baseConsumption": 1.2243588705616462,
    "solarCapacity": 2.4868181614496674,
    "efficiency": 0.9142637098719231,
    "hasSmartMeter": true,
    "hasSolar": true
  },
  {
    "deviceId": "DEVICE_008",
    "deviceType": "rural_agricultural",
    "location": {
      "city": "Sherpur Rural",
      "country": "Bangladesh",
      "lat": 25.0204,
      "lng": 90.0152,
      "type": "rural"
    },
    "baseConsumption": 8.219075658144128,
    "solarCapacity": 5.939377632458991,
    "efficiency": 0.9932029979475001,
    "hasSmartMeter": true,
    "hasSolar": true
  },
  {
    "deviceId": "DEVICE_009",
    "deviceType": "commercial_small",
    "location": {
      "city": "Rajshahi",
      "country": "Bangladesh",
      "lat": 24.3636,
      "lng": 88.6241,
      "type": "urban"
    },
    "baseConsumption": 13.64062157803058,
    "solarCapacity": 12.888172614261963,
    "efficiency": 0.8255156626864122,
    "hasSmartMeter": true,
    "hasSolar": true
  },
  {
    "deviceId": "DEVICE_010",
    "deviceType": "residential_small",
    "location": {
      "city": "Kushtia Rural",
      "country": "Bangladesh",
      "lat": 23.9013,
      "lng": 89.1206,
      "type": "rural"
    },
    "baseConsumption": 2.4585463864287775,
    "solarCapacity": 0.0,
    "efficiency": 0.9311725275302146,
    "hasSmartMeter": true,
    "hasSolar": false
  },
  {
    "deviceId": "DEVICE_011",
    "deviceType": "rural_residential",
    "location": {
      "city": "Rajshahi",
      "country": "Bangladesh",
      "lat": 24.3636,
      "lng": 88.6241,
      "type": "urban"
    },
    "baseConsumption": 1.3342746763311735,
    "solarCapacity": 1.8911532950069558,
    "efficiency": 0.8920350052255889,
    "hasSmartMeter": true,
    "hasSolar": true
  },
  {
    "deviceId": "DEVICE_012",
    "deviceType": "residential_small",
    "location": {
      "city": "Mymensingh Rural",
      "country": "Bangladesh",
      "lat": 24.7471,
      "lng": 90.4203,
      "type": "rural"
    },
    "baseConsumption": 2.8734518260680595,
    "solarCapacity": 0.0,
    "efficiency": 0.9562362582241464,
    "hasSmartMeter": true,
    "hasSolar": false
  },
  {
    "deviceId": "DEVICE_013",
    "deviceType": "rural_residential",
    "location": {
      "city": "Dinajpur Rural",
      "country": "Bangladesh",
      "lat": 25.6217,
      "lng": 88.6354,
      "type": "rural"
    },
    "baseConsumption": 1.3099247692785203,
    "solarCapacity": 2.291197088617652,
    "efficiency": 0.8277127943842715,
    "hasSmartMeter": true,
    "hasSolar": true
  },
  {
    "deviceId": "DEVICE_014",
    "deviceType": "rural_residential",
    "location": {
      "city": "Pabna Rural",
      "country": "Bangladesh",
      "lat": 24.0064,
      "lng": 89.2372,
      "type": "rural"
    },
    "baseConsumption": 1.6780274861897553,
    "solarCapacity": 1.464900821416791,
    "efficiency": 0.823408126439599,
    "hasSmartMeter": false,
    "hasSolar": true
  },
  {
    "deviceId": "DEVICE_015",
    "deviceType": "industrial",
    "location": {
      "city": "Noakhali Rural",
      "country": "Bangladesh",
      "lat": 22.8696,
      "lng": 91.0995,
      "type": "rural"
    },
    "baseConsumption": 85.85313241794245,
    "solarCapacity": 44.26753088616677,
    "efficiency": 0.9627318235177235,
    "hasSmartMeter": true,
    "hasSolar": true
  },
  {
    "deviceId": "DEVICE_016",
    "deviceType": "industrial",
    "location": {
      "city": "Bogura Rural",
      "country": "Bangladesh",
      "lat": 24.8465,
      "lng": 89.3776,
      "type": "rural"
    },
    "baseConsumption": 89.14489971397235,
    "solarCapacity": 59.82275688399869,
    "efficiency": 0.8415352736962847,
    "hasSmartMeter": true,
    "hasSolar": true
  },
  {
    "deviceId": "DEVICE_017",
    "deviceType": "residential_large",
    "location": {
      "city": "Khagrachhari",
      "country": "Bangladesh",
      "lat": 23.1193,
      "lng": 91.9847,
      "type": "rural"
    },
    "baseConsumption": 6.833999558667645,
    "solarCapacity": 5.220686864545305,
    "efficiency": 0.9863124148482472,
    "hasSmartMeter": true,
    "hasSolar": true
  },
  {
    "deviceId": "DEVICE_018",
    "deviceType": "rural_residential",
    "location": {
      "city": "Faridpur Rural",
      "country": "Bangladesh",
      "lat": 23.607,
      "lng": 89.8429,
      "type": "rural"
    },
    "baseConsumption": 1.679046667931451,
    "solarCapacity": 1.7743047345136338,
    "efficiency": 0.8601182708071402,
    "hasSmartMeter": false,
    "hasSolar": true
  },
  {
    "deviceId": "DEVICE_019",
    "deviceType": "rural_residential",
    "location": {
      "city": "Rangamati",
      "country": "Bangladesh",
      "lat": 22.6533,
      "lng": 92.1815,
      "type": "rural"
    },
    "baseConsumption": 1.2074453720208658,
    "solarCapacity": 1.7874605468400337,
    "efficiency": 0.8378316475981469,
    "hasSmartMeter": true,
    "hasSolar": true
  },
  {
    "deviceId": "DEVICE_020",
    "deviceType": "commercial_small",
    "location": {
      "city": "Sylhet",
      "country": "Bangladesh",
      "lat": 24.8949,
      "lng": 91.8687,
      "type": "urban"
    },
    "baseConsumption": 16.7232299107165,
    "solarCapacity": 8.381500424762484,
    "efficiency": 0.9930143293386058,
    "hasSmartMeter": true,
    "hasSolar": true
  },
  {
    "deviceId": "DEVICE_021",
    "deviceType": "residential_small",
    "location": {
      "city": "Khagrachhari",
      "country": "Bangladesh",
      "lat": 23.1193,
      "lng": 91.9847,
      "type": "rural"
    },
    "baseConsumption": 2.948419893553187,
    "solarCapacity": 0.0,
    "efficiency": 0.8094017316968601,
    "hasSmartMeter": true,
    "hasSolar": false
  },
  {
    "deviceId": "DEVICE_022",
    "deviceType": "residential_small",
    "location": {
      "city": "Comilla Rural",
      "country": "Bangladesh",
      "lat": 23.4607,
      "lng": 91.1809,
      "type": "rural"
    },
    "baseConsumption": 2.652325005828444,
    "solarCapacity": 0.0,
    "efficiency": 0.8368666971772715,
    "hasSmartMeter": true,
    "hasSolar": false
  },
  {
    "deviceId": "DEVICE_023",
    "deviceType": "residential_small",
    "location": {
      "city": "Dhaka",
      "country": "Bangladesh",
      "lat": 23.8103,
      "lng": 90.4125,
      "type": "urban"
    },
    "baseConsumption": 2.617784971000825,
    "solarCapacity": 0.0,
    "efficiency": 0.806027476449333,
    "hasSmartMeter": false,
    "hasSolar": false
  },
  {
    "deviceId": "DEVICE_024",
    "deviceType": "residential_large",
    "location": {
      "city": "Sylhet",
      "country": "Bangladesh",
      "lat": 24.8949,
      "lng": 91.8687,
      "type": "urban"
    },
    "baseConsumption": 7.7334930582184604,
    "solarCapacity": 6.222656298624313,
    "efficiency": 0.8052846813155996,
    "hasSmartMeter": true,
    "hasSolar": true
  },
  {
    "deviceId": "DEVICE_025",
    "deviceType": "industrial",
    "location": {
      "city": "Rangamati",
      "country": "Bangladesh",
      "lat": 22.6533,
      "lng": 92.1815,
      "type": "rural"
    },
    "baseConsumption": 112.89320935224167,
    "solarCapacity": 54.42766606682194,
    "efficiency": 0.9677035764630272,
    "hasSmartMeter": true,
    "hasSolar": true
  },
  {
    "deviceId": "DEVICE_026",
    "deviceType": "residential_small",
    "location": {
      "city": "Khagrachhari",
      "country": "Bangladesh",
      "lat": 23.1193,
      "lng": 91.9847,
      "type": "rural"
    },
    "baseConsumption": 2.1710070025517894,
    "solarCapacity": 0.0,
    "efficiency": 0.9665654201825704,
    "hasSmartMeter": true,
    "hasSolar": false
  },
  {
    "deviceId": "DEVICE_027",
    "deviceType": "residential_small",
    "location": {
      "city": "Bandarban",
      "country": "Bangladesh",
      "lat": 22.1953,
      "lng": 92.2183,
      "type": "rural"
    },
    "baseConsumption": 2.0540755852797656,
    "solarCapacity": 0.0,
    "efficiency": 0.8699743001443846,
    "hasSmartMeter": true,
    "hasSolar": false
  },
  {
    "deviceId": "DEVICE_028",
    "deviceType": "residential_small",
    "location": {
      "city": "Chittagong",
      "country": "Bangladesh",
      "lat": 22.3569,
      "lng": 91.7832,
      "type": "urban"
    },
    "baseConsumption": 2.0000596792045267,
    "solarCapacity": 0.0,
    "efficiency": 0.9459521530673323,
    "hasSmartMeter": true,
    "hasSolar": false
  },
  {
    "deviceId": "DEVICE_029",
    "deviceType": "residential_large",
    "location": {
      "city": "Tangail Rural",
      "country": "Bangladesh",
      "lat": 24.2513,
      "lng": 89.9167,
      "type": "rural"
    },
    "baseConsumption": 8.24491637785566,
    "solarCapacity": 5.370033326435801,
    "efficiency": 0.8225298013322313,
    "hasSmartMeter": true,
    "hasSolar": true
  },
  {
    "deviceId": "DEVICE_030",
    "deviceType": "commercial_small",
    "location": {
      "city": "Kishoreganj Rural",
      "country": "Bangladesh",
      "lat": 24.4449,
      "lng": 90.7764,
      "type": "rural"
    },
    "baseConsumption": 15.752944086226377,
    "solarCapacity": 10.8808948118883,
    "efficiency": 0.8733403322331983,
    "hasSmartMeter": false,
    "hasSolar": true
  },
  {
    "deviceId": "DEVICE_031",
    "deviceType": "residential_small",
    "location": {
      "city": "Noakhali Rural",
      "country": "Bangladesh",
      "lat": 22.8696,
      "lng": 91.0995,
      "type": "rural"
    },
    "baseConsumption": 2.4423458217529626,
    "solarCapacity": 0.0,
    "efficiency": 0.8688637556549093,
    "hasSmartMeter": true,
    "hasSolar": false
  },
  {
    "deviceId": "DEVICE_032",
    "deviceType": "rural_commercial",
    "location": {
      "city": "Rangamati",
      "country": "Bangladesh",
      "lat": 22.6533,
      "lng": 92.1815,
      "type": "rural"
    },
    "baseConsumption": 5.107798504353695,
    "solarCapacity": 3.8338137797684904,
    "efficiency": 0.8457890672440584,
    "hasSmartMeter": true,
    "hasSolar": true
  },
  {
    "deviceId": "DEVICE_033",
    "deviceType": "residential_small",
    "location": {
      "city": "Dinajpur Rural",
      "country": "Bangladesh",
      "lat": 25.6217,
      "lng": 88.6354,
      "type": "rural"
    },
    "baseConsumption": 2.8557561127513464,
    "solarCapacity": 0.0,
    "efficiency": 0.8594284204050455,
    "hasSmartMeter": true,
    "hasSolar": false
  },
  {
    "deviceId": "DEVICE_034",
    "deviceType": "industrial",
    "location": {
      "city": "Kushtia Rural",
      "country": "Bangladesh",
      "lat": 23.9013,
      "lng": 89.1206,
      "type": "rural"
    },
    "baseConsumption": 88.30910258602783,
    "solarCapacity": 42.85852984763575,
    "efficiency": 0.8205006096024763,
    "hasSmartMeter": true,
    "hasSolar": true
  },
  {
    "deviceId": "DEVICE_035",
    "deviceType": "residential_large",
    "location": {
      "city": "Khulna",
      "country": "Bangladesh",
      "lat": 22.8456,
      "lng": 89.5403,
      "type": "urban"
    },
    "baseConsumption": 8.417193194169176,
    "solarCapacity": 4.370698444103539,
    "efficiency": 0.8954018268115365,
    "hasSmartMeter": true,
    "hasSolar": true
  },
  {
    "deviceId": "DEVICE_036",
    "deviceType": "residential_large",
    "location": {
      "city": "Rajshahi",
      "country": "Bangladesh",
      "lat": 24.3636,
      "lng": 88.6241,
      "type": "urban"
    },
    "baseConsumption": 7.79567315437679,
    "solarCapacity": 6.31951363321739,
    "efficiency": 0.813516984872755,
    "hasSmartMeter": false,
    "hasSolar": true
  },
  {
    "deviceId": "DEVICE_037",
    "deviceType": "commercial_small",
    "location": {
      "city": "Brahmanbaria Rural",
      "country": "Bangladesh",
      "lat": 23.9571,
      "lng": 91.1115,
      "type": "rural"
    },
    "baseConsumption": 16.87483262696195,
    "solarCapacity": 8.463550618418944,
    "efficiency": 0.9344513940563338,
    "hasSmartMeter": true,
    "hasSolar": true
  },
  {
    "deviceId": "DEVICE_038",
    "deviceType": "residential_small",
    "location": {
      "city": "Noakhali Rural",
      "country": "Bangladesh",
      "lat": 22.8696,
      "lng": 91.0995,
      "type": "rural"
    },
    "baseConsumption": 2.082229873026341,
    "solarCapacity": 0.0,
    "efficiency": 0.8663018627472802,
    "hasSmartMeter": true,
    "hasSolar": false
  },
  {
    "deviceId": "DEVICE_039",
    "deviceType": "industrial",
    "location": {
      "city": "Mymensingh Rural",
      "country": "Bangladesh",
      "lat": 24.7471,
      "lng": 90.4203,
      "type": "rural"
    },
    "baseConsumption": 119.35159159317716,
    "solarCapacity": 47.93932874036433,
    "efficiency": 0.9744208633993999,
    "hasSmartMeter": true,
    "hasSolar": true
  },
  {
    "deviceId": "DEVICE_040",
    "deviceType": "rural_residential",
    "location": {
      "city": "Pabna Rural",
      "country": "Bangladesh",
      "lat": 24.0064,
      "lng": 89.2372,
      "type": "rural"
    },
    "baseConsumption": 1.354104220477246,
    "solarCapacity": 2.216071219071466,
    "efficiency": 0.8904323972753304,
    "hasSmartMeter": true,
    "hasSolar": true
  },
  {
    "deviceId": "DEVICE_041",
    "deviceType": "residential_large",
    "location": {
      "city": "Khulna",
      "country": "Bangladesh",
      "lat": 22.8456,
      "lng": 89.5403,
      "type": "urban"
    },
    "baseConsumption": 9.155365208024206,
    "solarCapacity": 5.3252491481582584,
    "efficiency": 0.9275373473792271,
    "hasSmartMeter": true,
    "hasSolar": true
  },
  {
    "deviceId": "DEVICE_042",
    "deviceType": "rural_residential",
    "location": {
      "city": "Mymensingh Rural",
      "country": "Bangladesh",
      "lat": 24.7471,
      "lng": 90.4203,
      "type": "rural"
    },
    "baseConsumption": 1.6247205084040668,
    "solarCapacity": 2.536667717383631,
    "efficiency": 0.8434197945784956,
    "hasSmartMeter": false,
    "hasSolar": true
  },
  {
    "deviceId": "DEVICE_043",
    "deviceType": "residential_large",
    "location": {
      "city": "Kushtia Rural",
      "country": "Bangladesh",
      "lat": 23.9013,
      "lng": 89.1206,
      "type": "rural"
    },
    "baseConsumption": 7.179833484393283,
    "solarCapacity": 5.796180098068695,
    "efficiency": 0.806057380696405,
    "hasSmartMeter": true,
    "hasSolar": true
  },
  {
    "deviceId": "DEVICE_044",
    "deviceType": "residential_small",
    "location": {
      "city": "Brahmanbaria Rural",
      "country": "Bangladesh",
      "lat": 23.9571,
      "lng": 91.1115,
      "type": "rural"
    },
    "baseConsumption": 2.4910001978796728,
    "solarCapacity": 0.0,
    "efficiency": 0.9997584652702776,
    "hasSmartMeter": true,
    "hasSolar": false
  },
  {
    "deviceId": "DEVICE_045",
    "deviceType": "rural_residential",
    "location": {
      "city": "Kishoreganj Rural",
      "country": "Bangladesh",
      "lat": 24.4449,
      "lng": 90.7764,
      "type": "rural"
    },
    "baseConsumption": 1.2196987567763773,
    "solarCapacity": 1.665161853741764,
    "efficiency": 0.931289746931999,
    "hasSmartMeter": true,
    "hasSolar": true
  },
  {
    "deviceId": "DEVICE_046",
    "deviceType": "industrial",
    "location": {
      "city": "Pabna Rural",
      "country": "Bangladesh",
      "lat": 24.0064,
      "lng": 89.2372,
      "type": "rural"
    },
    "baseConsumption": 112.56473069717889,
    "solarCapacity": 60.7123419472415,
    "efficiency": 0.9722422953560624,
    "hasSmartMeter": true,
    "hasSolar": true
  },
  {
    "deviceId": "DEVICE_047",
    "deviceType": "rural_residential",
    "location": {
      "city": "Pabna Rural",
      "country": "Bangladesh",
      "lat": 24.0064,
      "lng": 89.2372,
      "type": "rural"
    },
    "baseConsumption": 1.5487378152491327,
    "solarCapacity": 2.351762994041447,
    "efficiency": 0.8653994010213207,
    "hasSmartMeter": true,
    "hasSolar": true
  },
  {
    "deviceId": "DEVICE_048",
    "deviceType": "residential_small",
    "location": {
      "city": "Kishoreganj Rural",
      "country": "Bangladesh",
      "lat": 24.4449,
      "lng": 90.7764,
      "type": "rural"
    },
    "baseConsumption": 2.574743775729477,
    "solarCapacity": 0.0,
    "efficiency": 0.9859484631069877,
    "hasSmartMeter": true,
    "hasSolar": false
  },
  {
    "deviceId": "DEVICE_049",
    "deviceType": "industrial",
    "location": {
      "city": "Netrokona Rural",
      "country": "Bangladesh",
      "lat": 24.8809,
      "lng": 90.7279,
      "type": "rural"
    },
    "baseConsumption": 102.33776512086494,
    "solarCapacity": 55.42657179618974,
    "efficiency": 0.9022299002119272,
    "hasSmartMeter": true,
    "hasSolar": true
  },
  {
    "deviceId": "DEVICE_050",
    "deviceType": "residential_large",
    "location": {
      "city": "Habiganj Rural",
      "country": "Bangladesh",
      "lat": 24.3745,
      "lng": 91.4156,
      "type": "rural"
    },
    "baseConsumption": 9.473763214865132,
    "solarCapacity": 6.480898194159542,
    "efficiency": 0.8703292508681958,
    "hasSmartMeter": true,
    "hasSolar": true
  },
  {
    "deviceId": "DEVICE_051",
    "deviceType": "residential_small",
    "location": {
      "city": "Pabna Rural",
      "country": "Bangladesh",
      "lat": 24.0064,
      "lng": 89.2372,
      "type": "rural"
    },
    "baseConsumption": 2.5782365333887207,
    "solarCapacity": 0.0,
    "efficiency": 0.8477679099453472,
    "hasSmartMeter": true,
    "hasSolar": false
  },
  {
    "deviceId": "DEVICE_052",
    "deviceType": "rural_commercial",
    "location": {
      "city": "Noakhali Rural",
      "country": "Bangladesh",
      "lat": 22.8696,
      "lng": 91.0995,
      "type": "rural"
    },
    "baseConsumption": 5.415906729304984,
    "solarCapacity": 2.5124729344028074,
    "efficiency": 0.832478524785582,
    "hasSmartMeter": true,
    "hasSolar": true
  },
  {
    "deviceId": "DEVICE_053",
    "deviceType": "residential_small",
    "location": {
      "city": "Sherpur Rural",
      "country": "Bangladesh",
      "lat": 25.0204,
      "lng": 90.0152,
      "type": "rural"
    },
    "baseConsumption": 2.0099917878481985,
    "solarCapacity": 0.0,
    "efficiency": 0.8941790482709079,
    "hasSmartMeter": true,
    "hasSolar": false
  },
  {
    "deviceId": "DEVICE_054",
    "deviceType": "residential_small",
    "location": {
      "city": "Rangamati",
      "country": "Bangladesh",
      "lat": 22.6533,
      "lng": 92.1815,
      "type": "rural"
    },
    "baseConsumption": 2.178826774829198,
    "solarCapacity": 0.0,
    "efficiency": 0.8649653343763556,
    "hasSmartMeter": false,
    "hasSolar": false
  },
  {
    "deviceId": "DEVICE_055",
    "deviceType": "residential_small",
    "location": {
      "city": "Rangamati",
      "country": "Bangladesh",
      "lat": 22.6533,
      "lng": 92.1815,
      "type": "rural"
    },
    "baseConsumption": 2.103573502619868,
    "solarCapacity": 0.0,
    "efficiency": 0.9541650770843428,
    "hasSmartMeter": true,
    "hasSolar": false
  },
  {
    "deviceId": "DEVICE_056",
    "deviceType": "residential_large",
    "location": {
      "city": "Jamalpur Rural",
      "country": "Bangladesh",
      "lat": 24.9375,
      "lng": 89.937,
      "type": "rural"
    },
    "baseConsumption": 7.870506914736554,
    "solarCapacity": 5.355765533992568,
    "efficiency": 0.8450397146507886,
    "hasSmartMeter": false,
    "hasSolar": true
  },
  {
    "deviceId": "DEVICE_057",
    "deviceType": "rural_agricultural",
    "location": {
      "city": "Barisal",
      "country": "Bangladesh",
      "lat": 22.701,
      "lng": 90.3535,
      "type": "urban"
    },
    "baseConsumption": 8.661530370877072,
    "solarCapacity": 5.578252080656068,
    "efficiency": 0.8503615075208397,
    "hasSmartMeter": true,
    "hasSolar": true
  },
  {
    "deviceId": "DEVICE_058",
    "deviceType": "industrial",
    "location": {
      "city": "Bandarban",
      "country": "Bangladesh",
      "lat": 22.1953,
      "lng": 92.2183,
      "type": "rural"
    },
    "baseConsumption": 107.24204694993942,
    "solarCapacity": 58.25253808976834,
    "efficiency": 0.8670813798391653,
    "hasSmartMeter": true,
    "hasSolar": true
  },
  {
    "deviceId": "DEVICE_059",
    "deviceType": "commercial_small",
    "location": {
      "city": "Khagrachhari",
      "country": "Bangladesh",
      "lat": 23.1193,
      "lng": 91.9847,
      "type": "rural"
    },
    "baseConsumption": 13.892176829807305,
    "solarCapacity": 8.95322980020359,
    "efficiency": 0.9569564679126915,
    "hasSmartMeter": true,
    "hasSolar": true
  },
  {
    "deviceId": "DEVICE_060",
    "deviceType": "rural_residential",
    "location": {
      "city": "Brahmanbaria Rural",
      "country": "Bangladesh",
      "lat": 23.9571,
      "lng": 91.1115,
      "type": "rural"
    },
    "baseConsumption": 1.6905898585411832,
    "solarCapacity": 1.9763109110954882,
    "efficiency": 0.8017194778350781,
    "hasSmartMeter": true,
    "hasSolar": true
  }
]